path,label,subject,ink_density,aspect_ratio,bbox_fill_ratio,contour_area_ratio,perimeter_norm,centroid_offset,radial_mean,radial_std,radial_cv,radial_range,radial_slope,angular_coverage,turning_mean,turning_std,turning_abs_mean,width_mean,width_std,width_cv,x_spread,y_spread,x_skew,y_skew,x_kurtosis,y_kurtosis
C:\Users\CT-WORK\AppData\Local\Temp\tmp5tb6ntez\data\data\control\V01HE02.png,0,V01,0.038494874886946036,1.158878504672897,0.038494874886946036,0.028593231835995846,1.2630420545207222,0.0993642362307644,0.34075692083699144,0.08207028267159523,0.24084700093298575,0.3243340882796514,0.030692748258311465,0.9986588633976041,1.7558566932306268,1.5353158500782456,1.7558566932306268,4.000860214233398,1.0584810972213745,0.2645633816719055,0.3946157659333522,0.2848598152549281,0.0654515485542465,-0.3889047802385137,-1.6934149890197614,-1.0865372342721629
C:\Users\CT-WORK\AppData\Local\Temp\tmp5tb6ntez\data\data\control\V01HE03.png,0,V01,0.0411537454164484,1.108433734939759,0.0411537454164484,0.031741094814037724,0.9173909441049277,0.18930402956485096,0.2969291797099697,0.11610925367466751,0.3910334895244906,0.40130310951935294,0.002380150077778521,0.6361324214615871,0.828885969005228,1.0885446274119028,0.828885969005228,4.42323112487793,1.1919513940811157,0.2694752812385559,0.33518571229783606,0.30365327541041687,0.5084253615475132,-0.8663277790859173,-1.2320087964961448,-0.6375981306205345
C:\Users\CT-WORK\AppData\Local\Temp\tmp5tb6ntez\data\data\control\V02HE02.png,0,V02,0.07767728205517975,1.0582959641255605,0.07767728205517975,0.060158090750169875,2.3115559387805167,0.05185741068596641,0.29417585080773156,0.07451953463031608,0.2533162874260012,0.3421494143641081,0.01649766597580007,0.9984479671297483,1.0552811652767033,1.471329667380883,1.0552811652767033,4.225467205047607,0.9399828910827637,0.22245655953884125,0.3208888952124554,0.28568506478780337,-0.027205238040689344,0.11022484151978065,-1.3232838659205726,-1.260141842419017
C:\Users\CT-WORK\AppData\Local\Temp\tmp5tb6ntez\data\data\control\V02HE03.png,0,V02,0.06944444444444445,0.8555555555555555,0.06944444444444445,0.05429292929292733,1.475239550279933,0.02755289915631477,0.3245172079405435,0.04506982698144145,0.13888270248774057,0.1669386373644528,-0.009008792322825272,0.907581681402267,1.618242083737521,1.5121790287717778,1.618242083737521,4.3047709465026855,1.0465483665466309,0.24311360716819763,0.31611067809321974,0.34488573456963423,0.05901371718497846,0.05906534315197991,-1.5022066595553059,-1.5317587405471644
C:\Users\CT-WORK\AppData\Local\Temp\tmp5tb6ntez\data\data\control\V03HE2.png,0,V03,0.062428799270904535,1.0047846889952152,0.062428799270904535,0.04987468671679085,1.510364457358513,0.03761851951359653,0.34697877497090046,0.02417241726845198,0.06966540590505516,0.10908420031467186,-0.006146375986336037,0.9983313055278097,1.652206605413079,1.541817878049927,1.652206605413079,4.769173622131348,1.6308506727218628,0.34195664525032043,0.3633186648269229,0.3349450129590955,-0.16956459418559391,0.05744582292028773,-1.5180143267862956,-1.4084154880797781
C:\Users\CT-WORK\AppData\Local\Temp\tmp5tb6ntez\data\data\control\V03HE3.png,0,V03,0.11017142857142857,0.875,0.11017142857142857,0.08819999999999749,2.3616977195708255,0.02153032894631142,0.2812252113636892,0.08398976416720201,0.2986565943404243,0.3156976297132503,-0.002857680236889152,0.9981196543882549,1.1389878897522192,1.4948705850394994,1.1389878897522192,4.8336687088012695,1.3130353689193726,0.27164363861083984,0.3130704071526802,0.2805230048368924,0.08345353150444097,-0.04234326981764438,-1.230779955108869,-1.1340254384636552
C:\Users\CT-WORK\AppData\Local\Temp\tmp5tb6ntez\data\data\control\V04HE02.png,0,V04,0.03569872393401805,1.3725490196078431,0.03569872393401805,0.02608154372860174,0.9694397659656213,0.1482992706675116,0.2810079917395638,0.11639587082236161,0.41420839915481145,0.39028741194362676,-0.034764855709678584,0.99693769394968,1.0824666957802578,1.386172367521459,1.0824666957802578,4.139895915985107,1.765751838684082,0.42652082443237305,0.31816181763196544,0.280960272747145,0.3629702170119535,-1.0237919141719904,-1.2370313384186717,-0.13474909138879188
C:\Users\CT-WORK\AppData\Local\Temp\tmp5tb6ntez\data\data\control\V04HE03.png,0,V04,0.06489664181971874,0.9112426035502958,0.06489664181971874,0.049296856989162786,1.400062982509796,0.20606011762667648,0.26152442022495714,0.12176377565436905,0.4655923721541504,0.4522158023242866,-0.029164034392884522,0.6707047507864741,1.723053915208912,1.4578476489361931,1.723053915208912,4.379980564117432,1.8141067028045654,0.4141814410686493,0.2792934006421736,0.29907694942106616,-1.3357959074662271,0.3366567278958054,0.3962219345996014,-1.168801476232662
C:\Users\CT-WORK\AppData\Local\Temp\tmp5tb6ntez\data\data\control\V05HE02.png,0,V05,0.03473125813231909,1.0618556701030928,0.03473125813231909,0.025985887298568065,1.000173963754119,0.16729075898762327,0.2855637285317449,0.10098345780668638,0.35362844564425144,0.36848056380674943,-0.0075245366475639435,0.6937316817846753,1.4619934859036654,1.3148696833280822,1.4619934859036654,3.92703914642334,1.1395872831344604,0.2901899516582489,0.3108501446839148,0.29698503405441096,0.7828423224591649,-0.7180272270540107,-0.8118801112733158,-0.7541830585617908
C:\Users\CT-WORK\AppData\Local\Temp\tmp5tb6ntez\data\data\control\V05HE03.png,0,V05,0.09842218137254902,0.7058823529411765,0.09842218137254902,0.0752527573529354,1.4754311789180758,0.0574571447162039,0.3181791286485748,0.04091339570312022,0.12858604443449384,0.19192227562697822,0.003777677654572175,0.9964932950551008,1.842759368437588,1.4786773775032358,1.842759368437588,4.140952110290527,1.1702433824539185,0.2826024889945984,0.37693527405647576,0.29596953422932365,0.0650750421830642,-0.036192871180934706,-1.7075483852839772,-1.324166643442947
C:\Users\CT-WORK\AppData\Local\Temp\tmp5tb6ntez\data\data\control\V06HE02.png,0,V06,0.04590725178960473,0.8235294117647058,0.04590725178960473,0.03330220977279628,0.9727926925074327,0.19639163337496165,0.30010814529639374,0.10208077237256494,0.34014662258367223,0.36608783158163516,0.015049511015503305,0.6680302878913574,0.8648487144335172,1.1674389695448828,0.8648487144335172,3.90629506111145,1.1506385803222656,0.2945600748062134,0.3129526146881079,0.3234585552742045,0.6785848434943872,-0.8220623340866212,-0.953729346556941,-0.8253058049617295
C:\Users\CT-WORK\AppData\Local\Temp\tmp5tb6ntez\data\data\control\V06HE03.png,0,V06,0.07666315332630665,1.0,0.07666315332630665,0.057466364932728976,2.744645323220315,0.03503509798778662,0.28801870143138814,0.06884961234949732,0.23904563060761197,0.25916367779504246,-0.0018946425653250686,0.9988021249398429,0.8786424785120649,1.4051133051138913,0.8786424785120649,3.954928398132324,0.9655777215957642,0.2441454380750656,0.2952555020208466,0.3004850567967426,-0.027332286343280207,-0.1224950498612394,-1.233723013238231,-1.1867126202725617
C:\Users\CT-WORK\AppData\Local\Temp\tmp5tb6ntez\data\data\control\V07HE02.png,0,V07,0.05496040987424313,0.8407079646017699,0.05496040987424313,0.041418258034465735,1.572170439962414,0.03887040084181958,0.3492844593924356,0.040376927632710606,0.11559898080591804,0.17116925436440072,0.010942847573865577,0.9968368545332371,1.7164238530714042,1.527630805482158,1.7164238530714042,4.281016826629639,1.469182014465332,0.34318530559539795,0.3774481024977427,0.3352094330569625,-0.2845200466517755,0.06631179855377706,-1.518259895525771,-1.3894342811447835
C:\Users\CT-WORK\AppData\Local\Temp\tmp5tb6ntez\data\data\control\V07HE03.png,0,V07,0.11692421502548085,0.9746835443037974,0.11692421502548085,0.09084744369554122,2.3550487502607482,0.0292842101737058,0.26833238997437053,0.0949820696215414,0.3539716889065901,0.4138546899244826,0.0037358138081824287,0.9976002274129186,1.1256525914731617,1.4726460404932353,1.1256525914731617,4.2942070960998535,1.0545392036437988,0.2455725073814392,0.294277436055248,0.27887914104017014,0.020840108947245757,-0.09563353563906139,-1.0845561679960116,-1.1255689163804898
C:\Users\CT-WORK\AppData\Local\Temp\tmp5tb6ntez\data\data\control\V08HE02.png,0,V08,0.04736741580187178,0.8129496402877698,0.04736741580187178,0.03539823008849332,0.8571228082200861,0.14600421649140807,0.2890142700505298,0.12319375904931779,0.4262549340609523,0.4180312449826958,-0.005547679011900801,0.6008840963465094,1.2783079831781872,1.2243486642027206,1.2783079831781872,3.980825662612915,1.0576711893081665,0.2656913995742798,0.306952098362682,0.3228977219203471,0.5412064925363302,0.42361369492970996,-1.1261539490815915,-1.2813514800134398
C:\Users\CT-WORK\AppData\Local\Temp\tmp5tb6ntez\data\data\control\V08HE03.png,0,V08,0.04472744214940208,1.0291970802919708,0.04472744214940208,0.0329761350106107,0.9321477807666287,0.178051589159793,0.3068352167054436,0.10369744064706274,0.33795807867990707,0.37145510068822807,-0.007027506183870023,0.6515018443206575,0.9777628424562637,1.243472357811425,0.9777628424562637,3.9133448600769043,1.0467994213104248,0.267494797706604,0.3376077291992506,0.3137247649435139,0.47297024617838734,0.7670645117007354,-1.2860389865634139,-0.8485161130958727
C:\Users\CT-WORK\AppData\Local\Temp\tmp5tb6ntez\data\data\control\V09HE02.png,0,V09,0.0547886108714409,0.6421052631578947,0.0547886108714409,0.0410914581535789,1.1677617424937021,0.15505308725082304,0.2549867315487695,0.12391851517258833,0.48598024663454714,0.45179663466892406,-0.02484247470533547,0.6490269334630052,1.1852248792620756,1.2749573565531664,1.1852248792620756,3.9630699157714844,1.2262027263641357,0.3094072937965393,0.2954515144401036,0.28095952282987585,0.47712348231870266,0.767477395445429,-1.1167851514793765,-0.634476595693231
C:\Users\CT-WORK\AppData\Local\Temp\tmp5tb6ntez\data\data\control\V09HE03.png,0,V09,0.031164383561643836,1.36875,0.031164383561643836,0.022802511415524467,0.8699035144406924,0.13212577405275802,0.28463432459061017,0.13141009731839862,0.461680428197567,0.45330419545721023,-0.004102921745563481,0.5954563870904119,1.3466487729856365,1.3006754870827697,1.3466487729856365,3.890772581100464,1.220945954322815,0.3138055205345154,0.31052400234066113,0.323606556886266,-0.42508356686237564,-0.6256487005099716,-1.1610983717177006,-1.101485469450793
C:\Users\CT-WORK\AppData\Local\Temp\tmp5tb6ntez\data\data\control\V10HE02.png,0,V10,0.06854030501089324,0.7941176470588235,0.06854030501089324,0.05167755991285178,1.4760757325101324,0.029051281303552123,0.3426168459254637,0.0425157922581377,0.12409136514932381,0.16323639707789717,-0.0016538741611331405,0.9975263750408039,1.4884395048067594,1.4742854645624865,1.4884395048067594,3.9223434925079346,0.8348473906517029,0.21284402906894684,0.35150704537148875,0.346999774421128,0.0971783170816615,0.08288680127957827,-1.514339812896701,-1.449075700281913
C:\Users\CT-WORK\AppData\Local\Temp\tmp5tb6ntez\data\data\control\V10HE03.png,0,V10,0.048828125,1.0078740157480315,0.048828125,0.03694020669291282,1.7387002942591807,0.015544415913173546,0.3261505170146307,0.04363189490390994,0.13377840136360802,0.18589471302922442,-0.0036988197371065814,0.9987388108190935,1.5407198297479492,1.5606756589095905,1.5407198297479492,3.955925464630127,0.9336205124855042,0.23600558936595917,0.33317912155943435,0.3274541047796508,-0.20675119300590514,-0.1665154249290013,-1.4646959315128603,-1.3064964121325782
C:\Users\CT-WORK\AppData\Local\Temp\tmp5tb6ntez\data\data\control\V11HE02.png,0,V11,0.05310504015683298,0.996031746031746,0.05310504015683298,0.042077720862580756,1.64285475987163,0.01791393159788102,0.31517135005492186,0.039811085073826045,0.1263156849141677,0.17254639934697205,0.00046330991938000395,0.9979999414090273,1.7007528790589812,1.5483908436527032,1.7007528790589812,4.37645959854126,0.7988957166671753,0.1825438290834427,0.33475126233931995,0.30680001556982417,-0.055302234553228344,-0.05956959010366897,-1.4983574339105745,-1.1964119366571746
C:\Users\CT-WORK\AppData\Local\Temp\tmp5tb6ntez\data\data\control\V11HE03.png,0,V11,0.07629330802088277,0.8546511627906976,0.07629330802088277,0.05792200601170472,1.6665772007150748,0.015091417079585698,0.3402511100950138,0.04857376829119985,0.14275858831107774,0.22463469052925059,-0.0004363447970018147,0.994420241765475,1.5461857767827987,1.5200829571518595,1.5461857767827987,4.225168704986572,1.2549574375152588,0.29701948165893555,0.33865344743592896,0.3510131643705744,-0.03463971026620433,0.07456216112718064,-1.553176602890402,-1.4870402249408323
C:\Users\CT-WORK\AppData\Local\Temp\tmp5tb6ntez\data\data\control\V12HE01.png,0,V12,0.056119270137961724,0.9813084112149533,0.056119270137961724,0.04230084557187267,1.6937938880787975,0.02788463237327825,0.3253665123971421,0.031164746994828973,0.09578351093798429,0.1487458542317109,4.250143511127744e-05,0.9983643157285784,1.6670211368116281,1.551052866249183,1.6670211368116281,3.9547598361968994,0.8757736086845398,0.22144798934459686,0.33364866265791504,0.3248001208793492,0.08869981451319514,0.0419196582950688,-1.4922275075450446,-1.290240327056334
C:\Users\CT-WORK\AppData\Local\Temp\tmp5tb6ntez\data\data\control\V12HE02.png,0,V12,0.031893827680640405,1.1633663366336633,0.031893827680640405,0.02341478828733888,1.0216067938007303,0.19377772388199,0.2986054532857771,0.09217911769931877,0.3086987071947445,0.334999171810066,0.003258073626581288,0.6897895000173557,1.1702554343996814,1.3360221015205842,1.1702554343996814,4.026033401489258,1.3256205320358276,0.3292621672153473,0.31254213314210183,0.31582034690373245,0.6639114305640498,-0.8441858549955795,-0.9921081310645183,-0.7800894371424918
C:\Users\CT-WORK\AppData\Local\Temp\tmp5tb6ntez\data\data\control\V12HE03.png,0,V12,0.04419355812479246,0.7440758293838863,0.04419355812479246,0.033401756875055595,1.105508002410558,0.12804743097847626,0.3192558637794587,0.09642814966692055,0.30204033912903344,0.3097134250281921,-0.00580652287986447,0.7188640191915825,1.2291772192048327,1.2653258329845503,1.2291772192048327,4.040265083312988,0.9861605763435364,0.24408313632011414,0.27970936504510674,0.3623208807069914,-0.7071939703825061,0.1951865509432922,-0.6634468811268546,-1.5432034254038336
C:\Users\CT-WORK\AppData\Local\Temp\tmp5tb6ntez\data\data\control\V55HE01.png,0,V55,0.053570675327962204,1.0397350993377483,0.053570675327962204,0.03927110136246512,1.2507154004894117,0.10467525058208159,0.33564415831227307,0.07083250864482929,0.21103453368580408,0.2524280642353786,-0.015426356334635152,0.9982145642249844,1.6308591257526082,1.4673415863526156,1.6308591257526082,3.8046510219573975,0.881569504737854,0.2317083775997162,0.3844758394166878,0.297116120197776,0.32269655308701295,0.4043700568985828,-1.601442617480207,-1.0882158823597612
C:\Users\CT-WORK\AppData\Local\Temp\tmp5tb6ntez\data\data\control\V55HE02.png,0,V55,0.08933889219773675,0.3150684931506849,0.08933889219773675,0.06670637284096684,0.9094279774751425,0.07442237147075262,0.2601244075260321,0.12726227594142733,0.4892361953364767,0.49070648327099115,0.010596592475586407,0.5900910215150784,1.003697637183052,1.0008539367163567,1.003697637183052,4.568966865539551,1.8203784227371216,0.39842233061790466,0.2466793523270227,0.2959732999197428,1.4047732677910247,-0.15785518608924745,1.3175002963200733,-1.287892018587328
C:\Users\CT-WORK\AppData\Local\Temp\tmp5tb6ntez\data\data\control\V55HE03.png,0,V55,0.04727695675971538,0.8146551724137931,0.04727695675971538,0.03540640394088589,1.429266953268415,0.04694142450799338,0.3306879366599192,0.042513290074217384,0.12856014759733456,0.168692115027248,0.009991875689878192,0.9981499542902179,1.9092784705074413,1.5025960608334163,1.9092784705074413,3.837653160095215,0.8419046998023987,0.21938009560108185,0.3897930038602224,0.29490819390423306,0.07636905929771695,0.019522720455669603,-1.737668020072124,-1.2230055587441828
C:\Users\CT-WORK\AppData\Local\Temp\tmp5tb6ntez\data\data\control\V55HE04.png,0,V55,0.03789608620758723,1.0127388535031847,0.03789608620758723,0.027741056764009623,0.9098134303003113,0.17018244470264127,0.3019070002464656,0.11621642100899227,0.3849411260062747,0.3905396757181718,-9.21794824090123e-05,0.6296508265665619,1.0965695742644426,1.2107672555405233,1.0965695742644426,3.807953119277954,0.8424776196479797,0.22124159336090088,0.3252459060639431,0.3258885497259529,0.5585775480169057,0.6135989086755621,-1.167458532918256,-1.0560229027140042
C:\Users\CT-WORK\AppData\Local\Temp\tmp5tb6ntez\data\data\control\V55HE05.png,0,V55,0.056357493857493855,1.6818181818181819,0.056357493857493855,0.04176904176903856,0.96232053182689,0.10569715070795348,0.2765598804777744,0.10154171232438906,0.36715995024950643,0.3503768439389278,0.03837653287317776,0.9972004489545704,1.4243378752606817,1.4363710646403138,1.4243378752606817,3.6050658226013184,0.9211538434028625,0.25551649928092957,0.31120139251603773,0.25490815849398724,-0.15056658003232398,0.5543056541475216,-1.3440483298982036,-0.5274180463243869
C:\Users\CT-WORK\AppData\Local\Temp\tmp5tb6ntez\data\data\control\V55HE06.png,0,V55,0.09129496402877697,0.7194244604316546,0.09129496402877697,0.07003597122301654,1.4375912312653127,0.06591846566269717,0.3074547229009122,0.04023401790290183,0.13086160262045157,0.1911659984548741,-0.005499308562009625,0.9967718462215124,1.9246726119682773,1.4314971707094215,1.9246726119682773,4.061904430389404,1.0533040761947632,0.25931286811828613,0.35959537119914886,0.289887598665313,0.21812941634722513,0.05427688586300056,-1.5710962853244685,-1.223540195870469
C:\Users\CT-WORK\AppData\Local\Temp\tmp5tb6ntez\data\data\control\V55HE07.png,0,V55,0.06740700473712821,1.0316455696202531,0.06740700473712821,0.052380212782478355,1.3805653217032727,0.1688026557476896,0.24886742012631954,0.1198219366230072,0.4814689527488946,0.4747287510930075,-0.014163549498243336,0.7366817151797925,1.5574218298324092,1.4736147062515006,1.5574218298324092,4.317318916320801,1.422989845275879,0.32960036396980286,0.268500960996739,0.28765335342374637,-0.7951442283507362,0.5231291706586068,-0.16714262447145956,-0.9765242555445539
C:\Users\CT-WORK\AppData\Local\Temp\tmp5tb6ntez\data\data\control\V55HE08.png,0,V55,0.10138236828377674,0.8450704225352113,0.10138236828377674,0.08162493479394675,2.2764382060521893,0.02617025643032393,0.26581935787523475,0.08056157016404579,0.30306886039048136,0.3003868889345708,0.0011423782273673269,0.9981999445535283,1.130455954884313,1.4841060145429485,1.130455954884313,4.706417083740234,1.1672650575637817,0.2480156421661377,0.2941106041060639,0.2680102954589853,-0.028996639705677472,0.0815330133533805,-1.1393134801351297,-1.031758663100953
C:\Users\CT-WORK\AppData\Local\Temp\tmp5tb6ntez\data\data\control\V55HE09.png,0,V55,0.10871490007589173,0.8805970149253731,0.10871490007589173,0.08452441183910418,1.7579790095926402,0.023754699377319874,0.2853240830478452,0.10196515253566134,0.35736609082941306,0.44577209628141307,0.006590462580686835,0.9970797440808054,1.539317145565924,1.534792365525558,1.539317145565924,4.324744701385498,1.0792678594589233,0.24955643713474274,0.31905060816268066,0.29665161805726487,-0.06281939520478791,-0.25922844503591325,-1.1510730056614469,-1.2176293628729087
C:\Users\CT-WORK\AppData\Local\Temp\tmp5tb6ntez\data\data\control\V55HE10.png,0,V55,0.03142962417096536,1.0260869565217392,0.03142962417096536,0.023885408990419604,1.0486058361273471,0.13344991880652698,0.3158974520673155,0.0755530107475728,0.23916942037349373,0.3011284443621467,-0.011887059207152675,0.9987620422528156,1.8099926300524445,1.3743107946952213,1.8099926300524445,3.9474635124206543,1.057510256767273,0.2678961455821991,0.3643605609075806,0.28047122204437286,-0.3268429117962088,-0.49315634313426987,-1.559617215593694,-0.8234148103370043
C:\Users\CT-WORK\AppData\Local\Temp\tmp5tb6ntez\data\data\control\V55HE11.png,0,V55,0.03769363166953529,0.9485714285714286,0.03769363166953529,0.027452667814112652,0.9575673944775254,0.2066733754128692,0.2996367647615831,0.10184521274410538,0.33989558152267013,0.3918717087048067,0.013333995525393258,0.6556157505972927,0.7423899090952549,1.1254284567500414,0.7423899090952549,3.932219982147217,0.8136811256408691,0.20692665874958038,0.33178116151636616,0.3057451456232601,-0.4839850670872341,0.9037301841649,-1.276051859418695,-0.6387685884321432
C:\Users\CT-WORK\AppData\Local\Temp\tmp5tb6ntez\data\data\parkinson\V01PE02.png,1,V01,0.18685567010309279,0.4948453608247423,0.18685567010309279,0.14239690721646425,1.740549818394677,0.05003422156500966,0.24054679011693716,0.10267041744239731,0.4268209813386622,0.4305346509810131,-0.0005086119225354262,0.9902689088874307,1.3996668672144426,1.4767719631452865,1.3996668672144426,3.8768327236175537,1.0915374755859375,0.2815539240837097,0.2963147718610086,0.25669425723396827,0.6070550972206956,-0.19240919653583702,-0.8442632314064089,-0.6683961775440754
C:\Users\CT-WORK\AppData\Local\Temp\tmp5tb6ntez\data\data\parkinson\V01PE03.png,1,V01,0.08111423258022396,0.7834645669291339,0.08111423258022396,0.06383294424880182,2.216363793306452,0.07366975152906748,0.33031437600377983,0.06473547209596531,0.19598139409846072,0.27229150198271923,0.018789744739640058,0.9982353992448788,1.1187766012277014,1.4385455117302233,1.1187766012277014,4.488472938537598,1.5475808382034302,0.3447900712490082,0.3362760565144348,0.3391623417123796,-0.0436311669131087,0.35269253075283724,-1.5043786805661306,-1.3579569490831371
C:\Users\CT-WORK\AppData\Local\Temp\tmp5tb6ntez\data\data\parkinson\V02PE02.png,1,V02,0.16253153910849452,0.9425287356321839,0.16253153910849452,0.13057190916736297,3.10947981035461,0.027595360158407498,0.26278947531049707,0.08841628206462587,0.33645290255138766,0.36857946174327355,0.0057279045202341065,0.997987336079005,0.9087640095936577,1.4136516175505618,0.9087640095936577,4.719216823577881,1.205505132675171,0.25544601678848267,0.28479034979768775,0.27519589201997563,-0.050197932053814474,0.16402560415559558,-1.0749264154475109,-1.0513802520848443
C:\Users\CT-WORK\AppData\Local\Temp\tmp5tb6ntez\data\data\parkinson\V02PE03.png,1,V02,0.14187290969899666,0.8846153846153846,0.14187290969899666,0.11207357859531022,2.1143791960167064,0.007211312381222607,0.2820265485881091,0.08358099116618779,0.2963585920838134,0.3361558923223701,-9.244292273115392e-05,0.9968921183249072,1.3673490695528359,1.530203851475155,1.3673490695528359,4.415962219238281,1.1466658115386963,0.259663850069046,0.30278001995052845,0.2958537862163754,0.07144523466511285,-0.11479652615384638,-1.1967938387136647,-1.211896698970345
C:\Users\CT-WORK\AppData\Local\Temp\tmp5tb6ntez\data\data\parkinson\V03PE02.png,1,V03,0.08880222341760803,0.7810650887573964,0.08880222341760803,0.06650080688541929,1.8758741761727713,0.04518558088220488,0.27335005054449285,0.10023715990799417,0.36669888789715,0.4506416393839171,-0.012200294679932193,0.997018386017507,1.313863832594467,1.5077096908621346,1.313863832594467,3.946991205215454,0.8784898519515991,0.22257202863693237,0.32750025838831787,0.2699926143178732,0.1453638648873991,-0.10529176370300487,-1.298476442804603,-1.0580586861836347
C:\Users\CT-WORK\AppData\Local\Temp\tmp5tb6ntez\data\data\parkinson\V03PE03.png,1,V03,0.0541696364932288,0.6284153005464481,0.0541696364932288,0.04224281301971764,0.961244266303581,0.14268090625813729,0.2915587149174594,0.11437674405274152,0.39229403138516256,0.3857341506641586,-0.0012569630548992239,0.6436613515623705,1.286948601562757,1.124006885363648,1.286948601562757,4.2312092781066895,0.8028088808059692,0.18973508477210999,0.30201350433717566,0.32216465008069545,-0.9700251927824184,0.39964651873077073,-0.48331840201204423,-1.271188515630824
C:\Users\CT-WORK\AppData\Local\Temp\tmp5tb6ntez\data\data\parkinson\V03PE05.png,1,V03,0.2171077867280399,1.196969696969697,0.2171077867280399,0.1746260069044544,1.7277964242513864,0.03696555800940175,0.2851679933371582,0.09079489985974588,0.3183909192572213,0.3740157733605028,0.02269785075592358,0.9954241205966972,1.3505492064930924,1.499356121474182,1.3505492064930924,4.823297023773193,1.2111445665359497,0.2511030435562134,0.3119833503489208,0.29673729083773703,-0.11763945894077074,0.008769474187553451,-1.2117291782281858,-1.28288377350898
C:\Users\CT-WORK\AppData\Local\Temp\tmp5tb6ntez\data\data\parkinson\V03PE06.png,1,V03,0.0640531561461794,0.49142857142857144,0.0640531561461794,0.048504983388701094,0.9927028846904402,0.1664021111486092,0.2876772541581802,0.11633093725750926,0.4043800306476935,0.4242754165567602,-0.0051831233613141205,0.6373565147881385,1.2235295816251697,1.113612805198988,1.2235295816251697,4.193512916564941,1.2360715866088867,0.29475802183151245,0.2587547745152765,0.32395347235952604,-1.2189180330911893,0.239090372930767,0.45910296555210683,-1.3931253460351123
C:\Users\CT-WORK\AppData\Local\Temp\tmp5tb6ntez\data\data\parkinson\V03PE08.png,1,V03,0.041666666666666664,0.9305555555555556,0.041666666666666664,0.03170490141883104,1.1783066097480952,0.1142116723241251,0.3092423370767868,0.08467818672183147,0.27382468794038595,0.3320428339635031,-0.017610006489242554,0.9985282023302137,1.505899241825946,1.456701558973636,1.505899241825946,3.9939587116241455,0.9022597074508667,0.2259061187505722,0.3711266666629243,0.27280430012501033,0.3071518816252549,0.635893335990384,-1.5648056716246368,-0.6075062431094316
C:\Users\CT-WORK\AppData\Local\Temp\tmp5tb6ntez\data\data\parkinson\V03PE09.png,1,V03,0.05437673286934872,0.9416058394160584,0.05437673286934872,0.04158886436937466,0.9579826118336503,0.18543278152604467,0.2954911692834849,0.10545602733063983,0.3568838528388806,0.3476110314865507,-0.011566886156490798,0.6552335284111521,1.389340460762655,1.1909773306204168,1.389340460762655,4.043420791625977,0.8498273491859436,0.21017533540725708,0.3259337847547438,0.3095395744440915,-0.800709077031004,0.5054973920810134,-0.8771262980341743,-1.1671475741365855
C:\Users\CT-WORK\AppData\Local\Temp\tmp5tb6ntez\data\data\parkinson\V04PE02.png,1,V04,0.20967741935483872,0.8225806451612904,0.20967741935483872,0.5020062460467959,1.9131813388197758,0.03400249430036847,0.2821020224794764,0.0685116421317306,0.24286122193205387,0.301372705091028,0.0033856319699181003,0.9980789705296601,0.9536647772208354,1.4385246391803488,0.9536647772208354,7.525725841522217,3.3324763774871826,0.4428112804889679,0.28785460126023993,0.3007787988260251,0.19976855185024642,0.08138473840404468,-1.187574624747473,-1.3282884126217016
C:\Users\CT-WORK\AppData\Local\Temp\tmp5tb6ntez\data\data\parkinson\V04PE03.png,1,V04,0.04224701195219124,0.9960159362549801,0.04224701195219124,0.03258964143426243,1.387821459721229,0.06548801049462419,0.33185886052745306,0.06541481563232075,0.19711637450702607,0.22883400645720609,0.01853266685983771,0.8585304747773572,1.3474541601739405,1.4262131610453281,1.3474541601739405,4.2606329917907715,1.3096096515655518,0.3073744475841522,0.3075210399949332,0.37070576083062956,0.5262102333493353,-0.07000749303352423,-0.9907654490696753,-1.6137754807835694
C:\Users\CT-WORK\AppData\Local\Temp\tmp5tb6ntez\data\data\parkinson\V05PE02.png,1,V05,0.0866239987119108,1.1496598639455782,0.0866239987119108,0.06535040051523305,1.929498061157445,0.005751043529964425,0.29765824177234523,0.09810002169721319,0.32957266959424325,0.3876110139511156,-0.0003005745670360657,0.9977808470389875,1.2608591004391927,1.5178423754131545,1.2608591004391927,3.9051835536956787,0.7771329879760742,0.19900037348270416,0.3124435841895737,0.31925783358344345,0.08510186185594049,0.012800856146943668,-1.2447035430303943,-1.299548520948495
C:\Users\CT-WORK\AppData\Local\Temp\tmp5tb6ntez\data\data\parkinson\V05PE03.png,1,V05,0.042105263157894736,0.912,0.042105263157894736,0.0321666666666661,1.3975268843019704,0.06841051311209326,0.32508422058149566,0.03681727576094811,0.11325457625053742,0.1652640247518495,-0.006070187055561467,0.9986092621303456,1.7685263751210694,1.4492815457189117,1.7685263751210694,3.9798922538757324,0.8645294308662415,0.2172243297100067,0.3558894937659563,0.30393141575256927,0.18387789140287078,0.14994255355201463,-1.5423034360882357,-1.2569825272050918
C:\Users\CT-WORK\AppData\Local\Temp\tmp5tb6ntez\data\data\parkinson\V06PE02.png,1,V06,0.07827084322100933,1.1700680272108843,0.07827084322100933,0.05948425881980464,1.7131265491500598,0.07552570053826817,0.28136512734041264,0.11546622384484867,0.4103785871614858,0.5095488697759233,0.016599018479571168,0.9979198333977021,1.1880407894807696,1.4725108004408407,1.1880407894807696,3.9648163318634033,0.7943843603134155,0.20035842061042786,0.32159745025021297,0.2833201728491756,-0.3308996810747184,0.15563506590336607,-1.0982771409677705,-1.2122527364241467
C:\Users\CT-WORK\AppData\Local\Temp\tmp5tb6ntez\data\data\parkinson\V06PE03.png,1,V06,0.054779052734375,1.0,0.054779052734375,0.042106628417968105,1.892349327330492,0.07602222743075822,0.30137223893934456,0.06944277317446741,0.23042192999741365,0.24310644254527786,0.01016407365709366,0.9983233593507738,1.4276686043581743,1.5293650198612179,1.4276686043581743,4.232217311859131,1.2605416774749756,0.297844260931015,0.30491060919324525,0.31595548083997793,0.5870595439182322,0.12039478349430711,-0.8345663377289432,-1.2697454768851877
C:\Users\CT-WORK\AppData\Local\Temp\tmp5tb6ntez\data\data\parkinson\V07PE02.png,1,V07,0.07299218194740582,0.3482587064676617,0.07299218194740582,0.055294953802412554,1.052690842932698,0.0641613076541706,0.29063025250607516,0.1312985155682894,0.45177167202775326,0.4508445533162753,2.3688097164514147e-05,0.6297261356831694,1.3198621653183897,1.1199822827048176,1.3198621653183897,4.2085795402526855,1.3702950477600098,0.3255956172943115,0.2622169005279644,0.3287520691439228,0.8615553670349962,-0.15682305907498814,-0.2626167149728591,-1.3982968084327503
C:\Users\CT-WORK\AppData\Local\Temp\tmp5tb6ntez\data\data\parkinson\V07PE03.png,1,V07,0.09042145593869731,3.103448275862069,0.09042145593869731,0.06977969348658335,1.0587660722850547,0.058309950813236124,0.2596131240765156,0.1460387588470625,0.5625245595885053,0.5148904128729442,0.031961959699302704,0.9973078293311102,0.9147474648581969,1.4146888307759578,0.9147474648581969,4.195012092590332,0.8387491703033447,0.19993963837623596,0.3079510020519073,0.2109692202530045,0.095649506633657,-0.14419538969768478,-1.2350151125271012,-0.2595151968135956
C:\Users\CT-WORK\AppData\Local\Temp\tmp5tb6ntez\data\data\parkinson\V08PE02.png,1,V08,0.09716859716859717,0.29365079365079366,0.09716859716859717,0.06864006864005391,0.9063810702454081,0.06711740995330137,0.26251884365567,0.1277310179514136,0.48655942440608624,0.48017003948653464,-0.00961526886342802,0.5645414274102598,1.4494297652713777,0.9604312063174749,1.4494297652713777,3.6734659671783447,0.886049747467041,0.24120265245437622,0.24947509184020014,0.2981709062422034,1.537872710085765,0.042017511979490996,1.3747630659332986,-1.3258163349357277
C:\Users\CT-WORK\AppData\Local\Temp\tmp5tb6ntez\data\data\parkinson\V08PE03.png,1,V08,0.03706652512384997,0.9171974522292994,0.03706652512384997,0.02698159943382754,0.8835085468024092,0.15180526135202424,0.29370261670943076,0.12142955292766616,0.41344389054032954,0.41489763216457,0.006134371132718842,0.621103909830176,1.2049154986656632,1.220541251849326,1.2049154986656632,3.7214913368225098,0.8814760446548462,0.2368609756231308,0.31268462726256774,0.32590595900400315,0.6148791219641088,0.3905757601411296,-1.0138709479135122,-1.2785107655970052
C:\Users\CT-WORK\AppData\Local\Temp\tmp5tb6ntez\data\data\parkinson\V09PE02.png,1,V09,0.051842403628117914,1.6326530612244898,0.051842403628117914,0.037981859410429766,1.4397252218957284,0.19109857243054898,0.27282041689932884,0.10150333088287807,0.3720518121936641,0.460475608049,0.018751290551826286,0.9988573363799945,1.2857425143791774,1.4998788037477355,1.2857425143791774,3.8180956840515137,1.0955597162246704,0.28693878650665283,0.2981196722103736,0.27695633202613773,0.8647008452207317,-0.7128979189539284,-0.642436850402567,-0.6166638133242035
C:\Users\CT-WORK\AppData\Local\Temp\tmp5tb6ntez\data\data\parkinson\V09PE03.png,1,V09,0.06236772486772487,1.3714285714285714,0.06236772486772487,0.049371693121689854,0.8941003483922845,0.16276535899107808,0.2911935660442354,0.12754189810147365,0.4379969633123752,0.4130248068243745,-0.004411478287256803,0.6189470525644081,0.9979424733925932,1.1070122382839531,0.9979424733925932,4.718983173370361,1.578157901763916,0.33442753553390503,0.333844237898698,0.29334097262257547,-0.4439848645959793,0.838606073131467,-1.2604374625339319,-0.6351267420957063
C:\Users\CT-WORK\AppData\Local\Temp\tmp5tb6ntez\data\data\parkinson\V10PE01.png,1,V10,0.03607503607503607,1.1492537313432836,0.03607503607503607,0.027847774116430236,0.9759095526392556,0.2039691940090037,0.3042361510235852,0.10132732689106862,0.3330548530051532,0.3509787600938162,-0.007267520612671594,0.6615790872093492,1.212470708693349,1.2433060543697805,1.212470708693349,4.527644634246826,1.5112861394882202,0.3337908089160919,0.31879010435444477,0.326541616573322,0.7650698811988557,-0.6986290867036163,-0.9619537863083494,-1.0574555610307412
C:\Users\CT-WORK\AppData\Local\Temp\tmp5tb6ntez\data\data\parkinson\V10PE02.png,1,V10,0.03426928565432721,1.0909090909090908,0.03426928565432721,0.02589607991269987,1.0112279978157888,0.21087010668484443,0.29927837708195526,0.0945043396339597,0.3157740303179548,0.33695390407253323,-0.0019775030777740943,0.6850273195141592,1.1774577685919272,1.2722927102202795,1.1774577685919272,4.112234115600586,1.3192052841186523,0.32080015540122986,0.31179103285009874,0.3193968280504408,0.7461642195280336,-0.7422845287446356,-0.9142841363681931,-0.9612212201372343
C:\Users\CT-WORK\AppData\Local\Temp\tmp5tb6ntez\data\data\parkinson\V11PE01.png,1,V11,0.03295738502059837,1.099502487562189,0.03295738502059837,0.024886877828053742,0.9526728799828997,0.1915302682452718,0.3045576250635092,0.10558575251913264,0.346685630183875,0.3642693774302374,-0.011108555771363025,0.6500515546390829,0.9720292817843432,1.2080785376521217,0.9720292817843432,4.027219295501709,1.0750468969345093,0.2669452130794525,0.3320405125542294,0.313704884011627,0.42070754271993005,0.8470096751464751,-1.3130494336653984,-0.7504044751219734
C:\Users\CT-WORK\AppData\Local\Temp\tmp5tb6ntez\data\data\parkinson\V11PE02.png,1,V11,0.05882493033889828,1.0603015075376885,0.05882493033889828,0.044309223844339135,1.6907479720851004,0.02735886576193268,0.3406169290131939,0.0225094132108587,0.06608424663444296,0.12218471756746341,0.000770120093253687,0.9983379952361874,1.3961533037660596,1.5504729841868923,1.3961533037660596,4.041714668273926,1.1408032178878784,0.28225722908973694,0.34254798580511925,0.3435751523037008,0.051116993750112756,0.041706550166198154,-1.5735417552293596,-1.4153951720995217
C:\Users\CT-WORK\AppData\Local\Temp\tmp5tb6ntez\data\data\parkinson\V12PE01.png,1,V12,0.043279080355110404,0.9633507853403142,0.043279080355110404,0.032722513089004306,1.1578749291086654,0.10263791292152498,0.31816560800253396,0.0816158674277689,0.25652007985287584,0.27075360780771884,0.02144674251865218,0.9973797521158022,1.551691969203412,1.3770923984239827,1.551691969203412,3.9242889881134033,0.7671231627464294,0.1954808086156845,0.3489990752343612,0.31377336380859255,-0.46595700456831024,-0.6129736675987175,-1.2724133370381219,-0.89056031301498
C:\Users\CT-WORK\AppData\Local\Temp\tmp5tb6ntez\data\data\parkinson\V12PE02.png,1,V12,0.03995098039215686,0.7555555555555555,0.03995098039215686,0.028717320261436734,0.9929256318475006,0.14633669597645677,0.30263908409972523,0.11284132799669834,0.3728577488909438,0.3740836599539493,-0.005137233412604407,0.6697452912281261,1.0279409536583255,1.1656450535483798,1.0279409536583255,3.6490912437438965,0.8048725724220276,0.2205679565668106,0.29922135964504004,0.3388030423659694,0.8371672197218948,0.5179486864917355,-0.6242655035188029,-1.2456931194381242
C:\Users\CT-WORK\AppData\Local\Temp\tmp5tb6ntez\data\data\parkinson\V12PE03.png,1,V12,0.04618921794035894,1.124223602484472,0.04618921794035894,0.034384544113104064,1.153106662960486,0.11618788707500252,0.3187510378709776,0.09320852572262471,0.2924179511783589,0.2986954217731699,0.03191474536744346,0.9977101209481447,1.5926569374030264,1.4383272134280505,1.5926569374030264,4.0181803703308105,1.0817523002624512,0.2692144811153412,0.36556575923856555,0.2910909797457698,0.34798486736289636,0.637248340838202,-1.4265389512313627,-0.855206637125923
C:\Users\CT-WORK\AppData\Local\Temp\tmp5tb6ntez\data\data\parkinson\V13PE01.png,1,V13,0.05571338383838384,2.4444444444444446,0.05571338383838384,0.039772727272724136,0.9123670396286505,0.10994995134083278,0.27356253284833515,0.1343317059544999,0.4910457000993208,0.4517439963026558,0.012377984518466197,0.5956702626686584,1.0038801149607826,1.3286590657388329,1.0038801149607826,3.8719255924224854,1.4654343128204346,0.3784768879413605,0.31203368899022305,0.2733954832470154,-0.36180292149312226,-1.2002597430585131,-1.2244694339643734,0.21051213245502742
C:\Users\CT-WORK\AppData\Local\Temp\tmp5tb6ntez\data\data\parkinson\V13PE02.png,1,V13,0.03960370019972669,1.6688741721854305,0.03960370019972669,0.029761904761903983,1.1020431966685118,0.07744457887749175,0.3179200258312331,0.10634645411413454,0.3345069361440015,0.38478262152000486,0.043015009837756406,0.9979723308852957,1.682070534876725,1.5365398947380449,1.682070534876725,3.8522427082061768,1.2439689636230469,0.32292070984840393,0.34707583603761455,0.3082858240501372,0.07800782458105447,-0.35421109910695586,-1.499027076186519,-1.2841626769914969
C:\Users\CT-WORK\AppData\Local\Temp\tmp5tb6ntez\data\data\parkinson\V13PE03.png,1,V13,0.038548387096774196,1.6129032258064515,0.038548387096774196,0.029032258064514958,0.8608229476715273,0.10730698464642777,0.2781501722122337,0.1261059458736748,0.4533736018113267,0.4838749110485527,-0.014776342533631576,0.5952253633538063,1.1467404184296872,1.338961668156454,1.1467404184296872,3.798413038253784,0.9359853863716125,0.24641485512256622,0.3107520500314055,0.2976974277329012,-0.004620421866242182,-0.8817654401609931,-1.4025532845928919,-0.6312847179889909
C:\Users\CT-WORK\AppData\Local\Temp\tmp5tb6ntez\data\data\parkinson\V14PE01.png,1,V14,0.21292352557461341,1.08675799086758,0.21292352557461341,0.2505276083035906,3.2189342370404974,0.0654557636904624,0.24234984268203755,0.10093030177786506,0.41646530587527586,0.4573919499993803,0.004016324974860639,0.9985347788592409,0.555956111593203,1.1902652588647795,0.555956111593203,5.352389335632324,3.181305170059204,0.5943710207939148,0.26932767669030383,0.2568423317465984,0.046647682467840866,0.378526022373867,-1.0760666489012725,-0.7068269121564326
C:\Users\CT-WORK\AppData\Local\Temp\tmp5tb6ntez\data\data\parkinson\V14PE02.png,1,V14,0.14521434152901197,1.1266968325791855,0.14521434152901197,0.19542423086008842,2.2391361792013007,0.08147134712304857,0.3060299432028362,0.06589318767355218,0.21531614445506111,0.25274497088530395,0.018345238443998376,0.9984774524319259,0.6342229000364052,1.2542960426703098,0.6342229000364052,4.764732360839844,1.63286292552948,0.34269770979881287,0.33482108276465705,0.288293479013744,-0.2472401842227332,-0.4529514869839327,-1.4916461339065012,-0.9915476652020598
C:\Users\CT-WORK\AppData\Local\Temp\tmp5tb6ntez\data\data\parkinson\V15PE02.png,1,V15,0.03579454253611557,0.726530612244898,0.03579454253611557,0.02700068791561507,1.0437953408715916,0.1485864882278657,0.3045514240936967,0.10723182619264242,0.3520976011182743,0.3302210474697381,-0.012380052675900347,0.6957368519395211,1.346171996076115,1.1970901080759773,1.346171996076115,4.221628665924072,1.6726951599121094,0.3962203562259674,0.2910775458730466,0.3405907746269986,-0.9639350666839965,0.24414444175362224,-0.3009614702972008,-1.402781831205145
C:\Users\CT-WORK\AppData\Local\Temp\tmp5tb6ntez\data\data\parkinson\V15PE03.png,1,V15,0.0422854579886375,0.6220472440944882,0.0422854579886375,0.032156383933020234,1.1679181634497589,0.07834181746329959,0.32903287928071095,0.10429258870509285,0.3169670721543595,0.3287106037662186,0.0012935350409796465,0.7000801044906271,1.105828545372462,1.1762400364021377,1.105828545372462,3.9408390522003174,1.062591314315796,0.26963579654693604,0.2939517313538002,0.3650673886434989,-0.33773272125494763,0.077533925131264,-1.1766970191286552,-1.5371610604022043
