feature,importance_mean,importance_std
turning_std,0.061111111111111116,0.06294593996458143
ink_density,0.05347222222222225,0.02880898404540491
bbox_fill_ratio,0.05347222222222225,0.02880898404540491
perimeter_norm,0.04583333333333336,0.08129450348145496
x_kurtosis,0.04513888888888887,0.013267342482321396
turning_abs_mean,0.04236111111111114,0.026616344301023345
turning_mean,0.04236111111111114,0.026616344301023345
centroid_offset,0.04236111111111112,0.057805982699046535
y_spread,0.03888888888888889,0.035163858058811545
radial_std,0.03819444444444446,0.03046862634511154
x_skew,0.03541666666666668,0.02531628629660858
radial_range,0.03055555555555556,0.01993430568667684
radial_cv,0.0263888888888889,0.02277947148174545
contour_area_ratio,0.02291666666666669,0.012441995046645083
angular_coverage,0.02152777777777778,0.02550606621139854
x_spread,0.018750000000000006,0.02366211810750113
y_skew,0.01597222222222223,0.023865055940888297
radial_mean,0.013888888888888893,0.02863267795567818
width_cv,0.007638888888888888,0.01369658536341388
y_kurtosis,0.005555555555555577,0.022779471481745424
width_mean,0.004861111111111127,0.02197123891605048
aspect_ratio,0.004861111111111123,0.01915710308907458
width_std,0.0027777777777777827,0.012880025688188454
radial_slope,-0.031944444444444435,0.06381336115366747
